Last Name,First Name,Username
Adognravi,Daniel,dadognra
Anderson,Jared,jande135
Baker,Logan,lbaker38
Benjamin,Bryce,bbenjam5
Bricker,Tylor,tbricke2
Cooper,Roger,rcoope23
DeGeorge,Connor,cdegeorg
Desmit,Charles,cdesmit
Duncan,Michael,mdunca14
Evans,Joshua,jevans63
Frankhouse,Elliott,efrankho
Gardner,Mark,mgardn15
Hillrich,Anthony,ahillric
Huff,John,jhuff21
James,Clay,cjames29
Kasamias,Konstantinos,kkasamia
Kotlan,Maxwell,mkotlan
Lenart,Christian,clenart4
Liu,Hao,hliu32
McClain,Blair,bmcclai5
Moore,Hayden,hmoore14
Moorman,Megan,mmoorma1
Morris,Shannon,smorri55
Pritt,Alexander,apritt3
Prost,Dylan,dprost
Rawat,Shemon,srawat1
Rinehart,Luke,lrineha1
Shah,Ohm,oshah
Skeins,Matthew,mskeins
Smith,Lauren,nsmith97
Tischler,Adam,atischle
Trussell,Joseph,jtrusse1
Werner,Collin,cwerner7
Xu,Bin,bxu3
